[{"model": "admin.logentry", "pk": 1, "fields": {"action_time": "2025-09-17T11:47:27.506Z", "user": 1, "content_type": 8, "object_id": "1", "object_repr": "administrator", "action_flag": 2, "change_message": "[{\"changed\": {\"fields\": [\"Role\"]}}]"}}, {"model": "admin.logentry", "pk": 2, "fields": {"action_time": "2025-09-18T10:58:12.613Z", "user": 1, "content_type": 8, "object_id": "2", "object_repr": "billy", "action_flag": 1, "change_message": "[{\"added\": {}}]"}}, {"model": "admin.logentry", "pk": 3, "fields": {"action_time": "2025-09-18T10:58:57.015Z", "user": 1, "content_type": 8, "object_id": "2", "object_repr": "billy", "action_flag": 2, "change_message": "[{\"changed\": {\"fields\": [\"First name\", \"Last name\"]}}]"}}, {"model": "admin.logentry", "pk": 4, "fields": {"action_time": "2025-09-19T12:01:41.215Z", "user": 1, "content_type": 6, "object_id": "1", "object_repr": "Medicine", "action_flag": 1, "change_message": "[{\"added\": {}}]"}}, {"model": "admin.logentry", "pk": 5, "fields": {"action_time": "2025-09-20T13:13:44.846Z", "user": 1, "content_type": 9, "object_id": "1", "object_repr": "Medicaments delivery", "action_flag": 1, "change_message": "[{\"added\": {}}]"}}, {"model": "admin.logentry", "pk": 6, "fields": {"action_time": "2025-09-20T13:50:25.601Z", "user": 1, "content_type": 7, "object_id": "1", "object_repr": "delivery", "action_flag": 1, "change_message": "[{\"added\": {}}]"}}, {"model": "admin.logentry", "pk": 7, "fields": {"action_time": "2025-09-20T13:50:52.417Z", "user": 1, "content_type": 7, "object_id": "2", "object_repr": "auto", "action_flag": 1, "change_message": "[{\"added\": {}}]"}}, {"model": "admin.logentry", "pk": 8, "fields": {"action_time": "2025-09-21T09:39:31.581Z", "user": 1, "content_type": 10, "object_id": "1", "object_repr": "Report for Medicaments delivery", "action_flag": 1, "change_message": "[{\"added\": {}}]"}}, {"model": "admin.logentry", "pk": 9, "fields": {"action_time": "2025-09-21T10:58:51.943Z", "user": 1, "content_type": 9, "object_id": "1", "object_repr": "Medicaments delivery", "action_flag": 2, "change_message": "[{\"changed\": {\"fields\": [\"Tags\"]}}]"}}, {"model": "admin.logentry", "pk": 10, "fields": {"action_time": "2025-09-21T14:10:40.396Z", "user": 1, "content_type": 8, "object_id": "2", "object_repr": "billy", "action_flag": 2, "change_message": "[{\"changed\": {\"fields\": [\"Phone number\", \"City\"]}}]"}}, {"model": "admin.logentry", "pk": 11, "fields": {"action_time": "2025-09-22T16:52:55.460Z", "user": 1, "content_type": 8, "object_id": "3", "object_repr": "Agonb", "action_flag": 3, "change_message": ""}}, {"model": "admin.logentry", "pk": 12, "fields": {"action_time": "2025-09-26T15:01:30.725Z", "user": 1, "content_type": 8, "object_id": "7", "object_repr": "aaaaaa", "action_flag": 3, "change_message": ""}}, {"model": "auth.permission", "pk": 1, "fields": {"name": "Can add log entry", "content_type": 1, "codename": "add_logentry"}}, {"model": "auth.permission", "pk": 2, "fields": {"name": "Can change log entry", "content_type": 1, "codename": "change_logentry"}}, {"model": "auth.permission", "pk": 3, "fields": {"name": "Can delete log entry", "content_type": 1, "codename": "delete_logentry"}}, {"model": "auth.permission", "pk": 4, "fields": {"name": "Can view log entry", "content_type": 1, "codename": "view_logentry"}}, {"model": "auth.permission", "pk": 5, "fields": {"name": "Can add permission", "content_type": 2, "codename": "add_permission"}}, {"model": "auth.permission", "pk": 6, "fields": {"name": "Can change permission", "content_type": 2, "codename": "change_permission"}}, {"model": "auth.permission", "pk": 7, "fields": {"name": "Can delete permission", "content_type": 2, "codename": "delete_permission"}}, {"model": "auth.permission", "pk": 8, "fields": {"name": "Can view permission", "content_type": 2, "codename": "view_permission"}}, {"model": "auth.permission", "pk": 9, "fields": {"name": "Can add group", "content_type": 3, "codename": "add_group"}}, {"model": "auth.permission", "pk": 10, "fields": {"name": "Can change group", "content_type": 3, "codename": "change_group"}}, {"model": "auth.permission", "pk": 11, "fields": {"name": "Can delete group", "content_type": 3, "codename": "delete_group"}}, {"model": "auth.permission", "pk": 12, "fields": {"name": "Can view group", "content_type": 3, "codename": "view_group"}}, {"model": "auth.permission", "pk": 13, "fields": {"name": "Can add content type", "content_type": 4, "codename": "add_contenttype"}}, {"model": "auth.permission", "pk": 14, "fields": {"name": "Can change content type", "content_type": 4, "codename": "change_contenttype"}}, {"model": "auth.permission", "pk": 15, "fields": {"name": "Can delete content type", "content_type": 4, "codename": "delete_contenttype"}}, {"model": "auth.permission", "pk": 16, "fields": {"name": "Can view content type", "content_type": 4, "codename": "view_contenttype"}}, {"model": "auth.permission", "pk": 17, "fields": {"name": "Can add session", "content_type": 5, "codename": "add_session"}}, {"model": "auth.permission", "pk": 18, "fields": {"name": "Can change session", "content_type": 5, "codename": "change_session"}}, {"model": "auth.permission", "pk": 19, "fields": {"name": "Can delete session", "content_type": 5, "codename": "delete_session"}}, {"model": "auth.permission", "pk": 20, "fields": {"name": "Can view session", "content_type": 5, "codename": "view_session"}}, {"model": "auth.permission", "pk": 21, "fields": {"name": "Can add category", "content_type": 6, "codename": "add_category"}}, {"model": "auth.permission", "pk": 22, "fields": {"name": "Can change category", "content_type": 6, "codename": "change_category"}}, {"model": "auth.permission", "pk": 23, "fields": {"name": "Can delete category", "content_type": 6, "codename": "delete_category"}}, {"model": "auth.permission", "pk": 24, "fields": {"name": "Can view category", "content_type": 6, "codename": "view_category"}}, {"model": "auth.permission", "pk": 25, "fields": {"name": "Can add tag", "content_type": 7, "codename": "add_tag"}}, {"model": "auth.permission", "pk": 26, "fields": {"name": "Can change tag", "content_type": 7, "codename": "change_tag"}}, {"model": "auth.permission", "pk": 27, "fields": {"name": "Can delete tag", "content_type": 7, "codename": "delete_tag"}}, {"model": "auth.permission", "pk": 28, "fields": {"name": "Can view tag", "content_type": 7, "codename": "view_tag"}}, {"model": "auth.permission", "pk": 29, "fields": {"name": "Can add user", "content_type": 8, "codename": "add_customuser"}}, {"model": "auth.permission", "pk": 30, "fields": {"name": "Can change user", "content_type": 8, "codename": "change_customuser"}}, {"model": "auth.permission", "pk": 31, "fields": {"name": "Can delete user", "content_type": 8, "codename": "delete_customuser"}}, {"model": "auth.permission", "pk": 32, "fields": {"name": "Can view user", "content_type": 8, "codename": "view_customuser"}}, {"model": "auth.permission", "pk": 33, "fields": {"name": "Can add task", "content_type": 9, "codename": "add_task"}}, {"model": "auth.permission", "pk": 34, "fields": {"name": "Can change task", "content_type": 9, "codename": "change_task"}}, {"model": "auth.permission", "pk": 35, "fields": {"name": "Can delete task", "content_type": 9, "codename": "delete_task"}}, {"model": "auth.permission", "pk": 36, "fields": {"name": "Can view task", "content_type": 9, "codename": "view_task"}}, {"model": "auth.permission", "pk": 37, "fields": {"name": "Can add report", "content_type": 10, "codename": "add_report"}}, {"model": "auth.permission", "pk": 38, "fields": {"name": "Can change report", "content_type": 10, "codename": "change_report"}}, {"model": "auth.permission", "pk": 39, "fields": {"name": "Can delete report", "content_type": 10, "codename": "delete_report"}}, {"model": "auth.permission", "pk": 40, "fields": {"name": "Can view report", "content_type": 10, "codename": "view_report"}}, {"model": "contenttypes.contenttype", "pk": 1, "fields": {"app_label": "admin", "model": "logentry"}}, {"model": "contenttypes.contenttype", "pk": 2, "fields": {"app_label": "auth", "model": "permission"}}, {"model": "contenttypes.contenttype", "pk": 3, "fields": {"app_label": "auth", "model": "group"}}, {"model": "contenttypes.contenttype", "pk": 4, "fields": {"app_label": "contenttypes", "model": "contenttype"}}, {"model": "contenttypes.contenttype", "pk": 5, "fields": {"app_label": "sessions", "model": "session"}}, {"model": "contenttypes.contenttype", "pk": 6, "fields": {"app_label": "tasks", "model": "category"}}, {"model": "contenttypes.contenttype", "pk": 7, "fields": {"app_label": "tasks", "model": "tag"}}, {"model": "contenttypes.contenttype", "pk": 8, "fields": {"app_label": "tasks", "model": "customuser"}}, {"model": "contenttypes.contenttype", "pk": 9, "fields": {"app_label": "tasks", "model": "task"}}, {"model": "contenttypes.contenttype", "pk": 10, "fields": {"app_label": "tasks", "model": "report"}}, {"model": "sessions.session", "pk": "bbswuhzyzjb5xvgn6pv4ig8gz7ap8xd9", "fields": {"session_data": ".eJxVjDEOAiEQRe9CbYgMDKClvWcgwAyyaiBZdivj3XWTLbT9773_EiGuSw3r4DlMJM5CicPvlmJ-cNsA3WO7dZl7W-YpyU2ROx3y2omfl939O6hx1G8dLQFlMhqcUYBFZV-yR0aHxwTaGyT2HJlBnbxzqWinAJQlwsJoWbw_4pI34A:1uyqRX:tYk32mSAuN8edn0hDGUzL1zOkrj3F0J7XsgmE8IQbqI", "expire_date": "2025-10-01T11:35:23.268Z"}}, {"model": "sessions.session", "pk": "j5x7obmuljfgwyilvvjl1sc5wlbv8xah", "fields": {"session_data": ".eJxVjDEOAiEQRe9CbYgMDKClvWcgwAyyaiBZdivj3XWTLbT9773_EiGuSw3r4DlMJM5CicPvlmJ-cNsA3WO7dZl7W-YpyU2ROx3y2omfl939O6hx1G8dLQFlMhqcUYBFZV-yR0aHxwTaGyT2HJlBnbxzqWinAJQlwsJoWbw_4pI34A:1vGEZf:WrKz_bCt6qIEigozsSg_FklblXnx15-bdOHudUGlW9E", "expire_date": "2025-11-18T10:47:39.289Z"}}, {"model": "sessions.session", "pk": "l2re6x1hod55vrq0dl4eb4bt7sxw1800", "fields": {"session_data": ".eJxVjDEOAiEQRe9CbYgMDKClvWcgwAyyaiBZdivj3XWTLbT9773_EiGuSw3r4DlMJM5CicPvlmJ-cNsA3WO7dZl7W-YpyU2ROx3y2omfl939O6hx1G8dLQFlMhqcUYBFZV-yR0aHxwTaGyT2HJlBnbxzqWinAJQlwsJoWbw_4pI34A:1uzDqc:VXbvgbvrVlcp-UKrFUo0RPjMfGiAh0xAHAz-1Mnmhxw", "expire_date": "2025-10-02T12:34:50.691Z"}}, {"model": "tasks.category", "pk": 4, "fields": {"name": "Humanitarian Aid", "description": "Distribute food, water, and basic supplies to civilians."}}, {"model": "tasks.category", "pk": 5, "fields": {"name": "Medical Assistance", "description": "Support hospitals, clinics and medics with logistics."}}, {"model": "tasks.category", "pk": 6, "fields": {"name": "Evacuation Support", "description": "Help transport and shelter displaced people."}}, {"model": "tasks.category", "pk": 7, "fields": {"name": "Reconstruction", "description": "Assist in repairing damaged homes and infrastructure."}}, {"model": "tasks.category", "pk": 8, "fields": {"name": "Military Support Logistics", "description": "Pack and deliver supplies for defence units."}}, {"model": "tasks.category", "pk": 9, "fields": {"name": "Psychological Help", "description": "Provide mental health support and organize recovery sessions."}}, {"model": "tasks.category", "pk": 10, "fields": {"name": "Education for Children", "description": "Run activities and lessons for displaces or affected kids."}}, {"model": "tasks.customuser", "pk": 1, "fields": {"password": "pbkdf2_sha256$1000000$COp4Fd5rsEeFSc9RfsoSqw$QJlIRz8OrM7rqW0+zfq2BL8RhffYBhchdTHVFDEQJJ0=", "last_login": "2025-11-04T10:47:39.267Z", "is_superuser": true, "username": "administrator", "first_name": "", "last_name": "", "email": "admin@gmail.com", "is_staff": true, "is_active": true, "date_joined": "2025-09-17T11:32:40Z", "role": "coordinator", "phone_number": null, "city": "", "profile_image": "", "groups": [], "user_permissions": []}}, {"model": "tasks.customuser", "pk": 14, "fields": {"password": "pbkdf2_sha256$1000000$EAJ6kzcLIxFZOMX9jMetmX$95H4yKv0dw86AJmXjGUo1GbcE2VnBVtK093ZTYB/JGM=", "last_login": "2025-10-05T15:33:05.395Z", "is_superuser": false, "username": "vol_katya", "first_name": "Katya", "last_name": "Shevchenko", "email": "vol_katya@example.com", "is_staff": false, "is_active": true, "date_joined": "2025-10-02T17:26:50.048Z", "role": "volunteer", "phone_number": "+380501234111", "city": "Kharkiv", "profile_image": "images/profile-picture-3_60AqXaz.jpg", "groups": [], "user_permissions": []}}, {"model": "tasks.customuser", "pk": 15, "fields": {"password": "pbkdf2_sha256$1000000$C0FAgkB17seYVe0WZTL6uF$QmYxMyJNpVSjEVE49TcGSuXVhC7yvi/yWKiW99WFdQg=", "last_login": null, "is_superuser": false, "username": "vol_mykola", "first_name": "Mykola", "last_name": "Petrenko", "email": "vol_mykola@example.com", "is_staff": false, "is_active": true, "date_joined": "2025-10-02T17:29:22.492Z", "role": "volunteer", "phone_number": "+380501234112", "city": "Odesa", "profile_image": "", "groups": [], "user_permissions": []}}, {"model": "tasks.customuser", "pk": 16, "fields": {"password": "pbkdf2_sha256$1000000$mAsnCVhVaPeDlJ3fmWMavA$/48PbfW8EaBdg2Gwo0svu42e53drLlZM893v8QqA4K8=", "last_login": "2025-11-04T10:06:12.362Z", "is_superuser": false, "username": "vol_tanya", "first_name": "Tanya", "last_name": "Ivanova", "email": "vol_tanya@gmail.com", "is_staff": false, "is_active": true, "date_joined": "2025-10-02T17:30:53.657Z", "role": "volunteer", "phone_number": "+380501234113", "city": "Lviv", "profile_image": "images/profile-picture-3_MdtX9UG.jpg", "groups": [], "user_permissions": []}}, {"model": "tasks.customuser", "pk": 17, "fields": {"password": "pbkdf2_sha256$1000000$545mY7Yv1dnXWO9r5mkmUd$AaAAx+qChGjOnlyqm3ZGC8CGDBZkPHIWd2LzmhaPm6I=", "last_login": null, "is_superuser": false, "username": "vol_bohdan", "first_name": "Bohdan", "last_name": "Kovalenko", "email": "vol_bohdan@example.com", "is_staff": false, "is_active": true, "date_joined": "2025-10-02T17:32:36.290Z", "role": "volunteer", "phone_number": "+380501234114", "city": "Kyiv", "profile_image": "", "groups": [], "user_permissions": []}}, {"model": "tasks.customuser", "pk": 18, "fields": {"password": "pbkdf2_sha256$1000000$F4hp0hs0boNqkWM6DIM6ZD$WoKI1wwz6pLap6+raFaBC7TGMYC4tTCzph+t09ONSQA=", "last_login": null, "is_superuser": false, "username": "vol_iryna", "first_name": "Iryna", "last_name": "Bondar", "email": "vol_iryna@example.com", "is_staff": false, "is_active": true, "date_joined": "2025-10-02T17:33:40.405Z", "role": "volunteer", "phone_number": "+380501234115", "city": "Zaporizhzhia", "profile_image": "", "groups": [], "user_permissions": []}}, {"model": "tasks.customuser", "pk": 19, "fields": {"password": "pbkdf2_sha256$1000000$NGceJbCBxozm1yayM00MNn$CucmEScgDTXSvrY18YKBaPfGCPcuS3yUV0VlZaTmz/A=", "last_login": null, "is_superuser": false, "username": "vol_artem", "first_name": "Artem", "last_name": "Lysenko", "email": "vol_artem@example.com", "is_staff": false, "is_active": true, "date_joined": "2025-10-02T17:35:09.225Z", "role": "volunteer", "phone_number": "+380501234116", "city": "Poltava", "profile_image": "", "groups": [], "user_permissions": []}}, {"model": "tasks.customuser", "pk": 20, "fields": {"password": "pbkdf2_sha256$1000000$8AMgHmlhJJuKLzfmlLNJi7$K8cN6ZtdwkETd1XOv+bhCJBL5oeRYjTNUukgcyY2GF8=", "last_login": null, "is_superuser": false, "username": "vol_nataliia", "first_name": "Nataliia", "last_name": "Tkachenko", "email": "vol_nataliia@example.com", "is_staff": false, "is_active": true, "date_joined": "2025-10-02T17:37:50.151Z", "role": "volunteer", "phone_number": "+380501234117", "city": "Vinnytsia", "profile_image": "", "groups": [], "user_permissions": []}}, {"model": "tasks.customuser", "pk": 21, "fields": {"password": "pbkdf2_sha256$1000000$HvCtVSq88HFX5C4vknJrZN$v0bUfepdZF/D3jJjwdjZNwc2ejwTYZnEye0Yb9POzFg=", "last_login": null, "is_superuser": false, "username": "vol_oleh", "first_name": "Oleh", "last_name": "Marchenko", "email": "vol_oleh@example.com", "is_staff": false, "is_active": true, "date_joined": "2025-10-02T17:38:57.565Z", "role": "volunteer", "phone_number": "+380501234118", "city": "Khmelnytskyi", "profile_image": "", "groups": [], "user_permissions": []}}, {"model": "tasks.customuser", "pk": 22, "fields": {"password": "pbkdf2_sha256$1000000$IEJZCHqJXmNR4TsMYQl1Ff$mCNTx7H9ceoLoDfCRjGvuW7V6XKlrFeU5zbJlgCSz2E=", "last_login": null, "is_superuser": false, "username": "vol_anna", "first_name": "Anna", "last_name": "Datsenko", "email": "vol_anna@example.com", "is_staff": false, "is_active": true, "date_joined": "2025-10-02T17:39:59.295Z", "role": "volunteer", "phone_number": "+380501234119", "city": "Sumy", "profile_image": "", "groups": [], "user_permissions": []}}, {"model": "tasks.customuser", "pk": 23, "fields": {"password": "pbkdf2_sha256$1000000$gXhWM3PplCFzirZ1YxSS1U$q1fX/H9E9VkEZG0wNgrNGBctfa2jjlCdkenVDLY0Yo8=", "last_login": null, "is_superuser": false, "username": "vol_dmytro", "first_name": "Dmytro", "last_name": "Havrylenko", "email": "vol_dmytro@example.com", "is_staff": false, "is_active": true, "date_joined": "2025-10-02T17:40:56.214Z", "role": "volunteer", "phone_number": "+380501234120", "city": "Chernihiv", "profile_image": "", "groups": [], "user_permissions": []}}, {"model": "tasks.customuser", "pk": 24, "fields": {"password": "pbkdf2_sha256$1000000$fL8xeRIwMWsOyBSnG5NJV1$kW59P1J5ZFbcx2boC+pMMw4YolMMrSXphWyjKaAuDNM=", "last_login": null, "is_superuser": false, "username": "vol_vika", "first_name": "Vika", "last_name": "Kravets", "email": "vol_vika@example.com", "is_staff": false, "is_active": true, "date_joined": "2025-10-02T17:42:04.847Z", "role": "volunteer", "phone_number": "+380501234121", "city": "Ternopil", "profile_image": "", "groups": [], "user_permissions": []}}, {"model": "tasks.customuser", "pk": 25, "fields": {"password": "pbkdf2_sha256$1000000$s6XYRu0xoLEc9JVTZFmkLq$H74hO+aEqJVaSi8J+6ASx/SeA3f225ZCpN2VxV/+2UM=", "last_login": null, "is_superuser": false, "username": "vol_roman", "first_name": "Roman", "last_name": "Sydorenko", "email": "vol_roman@example.com", "is_staff": false, "is_active": true, "date_joined": "2025-10-02T17:43:22.279Z", "role": "volunteer", "phone_number": "+380501234122", "city": "Uzhhorod", "profile_image": "", "groups": [], "user_permissions": []}}, {"model": "tasks.tag", "pk": 16, "fields": {"name": "frontline"}}, {"model": "tasks.tag", "pk": 17, "fields": {"name": "logistics"}}, {"model": "tasks.tag", "pk": 18, "fields": {"name": "refugees"}}, {"model": "tasks.tag", "pk": 19, "fields": {"name": "medical"}}, {"model": "tasks.tag", "pk": 20, "fields": {"name": "reconstruction"}}, {"model": "tasks.tag", "pk": 21, "fields": {"name": "chlidren"}}, {"model": "tasks.tag", "pk": 22, "fields": {"name": "fundraising"}}, {"model": "tasks.tag", "pk": 23, "fields": {"name": "urgent"}}, {"model": "tasks.tag", "pk": 24, "fields": {"name": "transport"}}, {"model": "tasks.tag", "pk": 25, "fields": {"name": "psychological"}}, {"model": "tasks.tag", "pk": 26, "fields": {"name": "shelter"}}, {"model": "tasks.tag", "pk": 27, "fields": {"name": "education"}}, {"model": "tasks.tag", "pk": 28, "fields": {"name": "food"}}, {"model": "tasks.tag", "pk": 29, "fields": {"name": "security"}}, {"model": "tasks.tag", "pk": 30, "fields": {"name": "donations"}}, {"model": "tasks.tag", "pk": 31, "fields": {"name": "volunteer_training"}}, {"model": "tasks.tag", "pk": 32, "fields": {"name": "coordination"}}, {"model": "tasks.tag", "pk": 33, "fields": {"name": "supplies"}}, {"model": "tasks.tag", "pk": 34, "fields": {"name": "communication"}}, {"model": "tasks.tag", "pk": 35, "fields": {"name": "legal_aid"}}, {"model": "tasks.task", "pk": 5, "fields": {"title": "Deliver food to IDPs in Lviv", "description": "Organize and deliver food packages to displaced families.", "created_by": 1, "assigned_to": 16, "status": "completed", "deadline": "2025-10-10T09:00:00Z", "category": 4, "tags": [17, 18, 28]}}, {"model": "tasks.task", "pk": 6, "fields": {"title": "Transport medical kits to frontline", "description": "Coordinate driver and vehicle for urgent delivery.", "created_by": 1, "assigned_to": 22, "status": "in_progress", "deadline": "2025-10-05T12:00:00Z", "category": 5, "tags": [16, 19, 23, 24]}}, {"model": "tasks.task", "pk": 7, "fields": {"title": "Evacuation bus Kyiv–Kharkiv", "description": "Help register passengers and load luggage.", "created_by": 1, "assigned_to": 16, "status": "completed", "deadline": "2025-10-07T09:00:00Z", "category": 6, "tags": [17, 18, 24]}}, {"model": "tasks.task", "pk": 8, "fields": {"title": "Repair damaged school roof", "description": "Volunteers needed for reconstruction work.", "created_by": 1, "assigned_to": 16, "status": "completed", "deadline": "2025-10-15T12:00:00Z", "category": 7, "tags": [20, 32, 33]}}, {"model": "tasks.task", "pk": 9, "fields": {"title": "Pack tactical clothing for defenders", "description": "Sort and pack uniforms for delivery.", "created_by": 1, "assigned_to": 16, "status": "completed", "deadline": "2025-10-02T12:00:00Z", "category": 8, "tags": [16, 17, 33]}}, {"model": "tasks.task", "pk": 10, "fields": {"title": "Group session for refugees", "description": "Psychological help meeting in community center.", "created_by": 1, "assigned_to": 16, "status": "completed", "deadline": "2025-10-12T10:00:00Z", "category": 9, "tags": [18, 25, 32]}}, {"model": "tasks.task", "pk": 11, "fields": {"title": "Collect donations for winter clothes", "description": "Raise funds and collect warm clothes.", "created_by": 1, "assigned_to": null, "status": "active", "deadline": "2025-11-01T12:00:00Z", "category": 4, "tags": [22, 30, 33]}}, {"model": "tasks.task", "pk": 12, "fields": {"title": "Deliver medicine to Zaporizhzhia hospital", "description": "Urgent delivery of painkillers and bandages.", "created_by": 1, "assigned_to": 15, "status": "in_progress", "deadline": "2025-10-20T00:00:00Z", "category": 5, "tags": [19, 23, 24]}}, {"model": "tasks.task", "pk": 13, "fields": {"title": "Volunteer training for new members", "description": "Introductory session for new volunteers.", "created_by": 1, "assigned_to": 16, "status": "completed", "deadline": null, "category": 10, "tags": [27, 31, 32]}}, {"model": "tasks.task", "pk": 14, "fields": {"title": "Deliver generators to frontline units", "description": "Load and transport 3 generators to eastern regions.", "created_by": 1, "assigned_to": null, "status": "active", "deadline": "2025-10-10T12:00:00Z", "category": 8, "tags": [16, 17, 24]}}, {"model": "tasks.task", "pk": 15, "fields": {"title": "Build temporary shelter for evacuees", "description": "Assemble tents and heating systems near railway station.", "created_by": 1, "assigned_to": null, "status": "active", "deadline": "2025-10-21T12:00:00Z", "category": 6, "tags": [18, 20, 26]}}, {"model": "tasks.task", "pk": 16, "fields": {"title": "Children's education day in Lviv", "description": "Organize activities and lessons for displaced children.", "created_by": 1, "assigned_to": null, "status": "active", "deadline": "2025-12-31T00:00:00Z", "category": 10, "tags": [21, 27, 32]}}, {"model": "tasks.report", "pk": 3, "fields": {"comment": "I helped with the evacuation from Kyiv to Kharkiv. Assisted in registering passengers and checking documents. Supported families with children and elderly people during boarding. Helped with luggage and coordinated with the driver. Everything went smoothly and the bus departed safely.", "author": 16, "created_at": "2025-10-05T15:15:20.787Z", "updated_at": "2025-10-05T15:27:54.764Z", "task": 7, "verified_by": 1, "verified_at": "2025-10-05T15:27:54.764Z"}}, {"model": "tasks.report", "pk": 4, "fields": {"comment": "I joined the volunteer team to repair the damaged school roof. Helped carry materials and assisted workers on the scaffolding. Cleaned debris from the site and fixed part of the wooden structure. Worked with others to secure the roof before the next rain. The progress was good and the repair went safely.", "author": 16, "created_at": "2025-10-05T15:19:38.180Z", "updated_at": "2025-10-05T15:28:01.312Z", "task": 8, "verified_by": 1, "verified_at": "2025-10-05T15:28:01.311Z"}}, {"model": "tasks.report", "pk": 5, "fields": {"comment": "I participated in sorting and packing tactical clothing for defenders. Checked the sizes, folded each item, and grouped them by unit. Helped prepare packages with labels and organized the boxes for transport. The work was coordinated well, and all clothing was packed on time for delivery.", "author": 16, "created_at": "2025-10-05T15:20:38.989Z", "updated_at": "2025-10-05T15:28:03.971Z", "task": 9, "verified_by": 1, "verified_at": "2025-10-05T15:28:03.971Z"}}, {"model": "tasks.report", "pk": 6, "fields": {"comment": "I helped organize a group session for refugees at the community center. Prepared the room, set up chairs, and arranged materials for the activities. Assisted the psychologist during the session and supported participants who needed personal attention. The atmosphere was calm and respectful, and the meeting helped people share their experiences and feel supported.", "author": 16, "created_at": "2025-10-05T15:21:41.773Z", "updated_at": "2025-10-08T11:28:55.981Z", "task": 10, "verified_by": 1, "verified_at": "2025-10-08T11:28:55.981Z"}}, {"model": "tasks.report", "pk": 7, "fields": {"comment": "I joined the team delivering food packages to internally displaced people in Lviv. Helped load boxes into the van, unload them at the distribution point, and hand them out to families. Assisted elderly people and parents with children to carry their packages. Everything was well organized, and the distribution went smoothly without delays.", "author": 16, "created_at": "2025-10-05T15:25:14.932Z", "updated_at": "2025-10-05T15:28:17.106Z", "task": 5, "verified_by": 1, "verified_at": "2025-10-05T15:28:17.106Z"}}, {"model": "tasks.report", "pk": 8, "fields": {"comment": "I took part in the volunteer training session for new members. Helped set up the space, prepare materials, and welcome participants. Assisted the coordinator with presentations and group activities. Answered questions from newcomers and shared practical tips from previous missions. The training went efficiently and helped new volunteers understand their roles and responsibilities.", "author": 16, "created_at": "2025-10-05T15:27:20.569Z", "updated_at": "2025-10-05T15:29:47.180Z", "task": 13, "verified_by": 1, "verified_at": "2025-10-05T15:29:47.180Z"}}]